-- phpMyAdmin SQL Dump
-- version 4.6.6
-- https://www.phpmyadmin.net/
--
-- Host: localhost:3306
-- Generation Time: Jun 12, 2017 at 01:12 AM
-- Server version: 10.1.24-MariaDB
-- PHP Version: 5.6.30

SET SQL_MODE = "NO_AUTO_VALUE_ON_ZERO";
SET time_zone = "+00:00";


/*!40101 SET @OLD_CHARACTER_SET_CLIENT=@@CHARACTER_SET_CLIENT */;
/*!40101 SET @OLD_CHARACTER_SET_RESULTS=@@CHARACTER_SET_RESULTS */;
/*!40101 SET @OLD_COLLATION_CONNECTION=@@COLLATION_CONNECTION */;
/*!40101 SET NAMES utf8mb4 */;

--
-- Database: `db_tingroom`
--
CREATE DATABASE IF NOT EXISTS `db_tingroom` DEFAULT CHARACTER SET latin1 COLLATE latin1_swedish_ci;
USE `db_tingroom`;

-- --------------------------------------------------------

--
-- Table structure for table `tb_booking`
--

DROP TABLE IF EXISTS `tb_booking`;
CREATE TABLE `tb_booking` (
  `id_booking` int(11) NOT NULL,
  `id_user` int(11) NOT NULL,
  `waktu` date NOT NULL,
  `deskripsi` text,
  `status` int(11) NOT NULL,
  `read` int(11) NOT NULL,
  `time_created` datetime NOT NULL,
  `time_expired` datetime DEFAULT NULL
) ENGINE=InnoDB DEFAULT CHARSET=latin1;

--
-- Dumping data for table `tb_booking`
--

INSERT INTO `tb_booking` (`id_booking`, `id_user`, `waktu`, `deskripsi`, `status`, `read`, `time_created`, `time_expired`) VALUES
(6, 3, '2017-05-24', 'Testing Booking 1', 3, 1, '2017-05-22 23:48:36', '2017-05-24 08:00:00'),
(7, 3, '2017-05-24', 'Test Booking 2', 2, 1, '2017-05-22 23:57:37', '2017-05-24 10:00:00'),
(8, 3, '2017-05-23', 'Test', 3, 1, '2017-05-23 04:17:34', '2017-05-23 08:00:00'),
(9, 3, '2017-05-23', 'Test', 2, 1, '2017-05-23 04:42:05', '2017-05-23 08:00:00'),
(10, 3, '2017-05-24', 'Alen test', 2, 1, '2017-05-23 08:15:00', '2017-05-24 09:00:00'),
(11, 3, '1970-01-01', 'obo ci', 2, 1, '2017-05-23 08:19:06', '1970-01-01 12:30:00'),
(12, 3, '2017-05-23', 'Meeting internal', 2, 1, '2017-05-23 10:07:11', '2017-05-23 16:30:00'),
(13, 2001, '2017-05-24', 'Test test 2', 2, 0, '2017-05-23 13:08:03', '2017-05-24 13:00:00'),
(14, 27008, '2017-05-23', '', 2, 1, '2017-05-23 13:46:16', '2017-05-23 16:00:00'),
(15, 27008, '2017-05-23', 'Test with mba puput', 3, 1, '2017-05-23 14:08:16', '2017-05-23 18:00:00'),
(16, 10002, '2017-05-24', 'For induction', 3, 1, '2017-05-23 14:14:17', '2017-05-24 09:30:00'),
(17, 8001, '2017-05-24', '', 2, 0, '2017-05-23 15:02:27', '2017-05-24 08:30:00'),
(18, 9005, '2017-05-23', 'Test', 2, 1, '2017-05-23 15:02:29', '2017-05-23 14:30:00'),
(19, 7004, '2017-05-23', '', 2, 0, '2017-05-23 15:02:34', '2017-05-23 07:30:00'),
(20, 12006, '2017-05-24', 'Interview XL MDP', 2, 1, '2017-05-23 15:02:36', '2017-05-24 10:30:00'),
(21, 15003, '2017-05-24', 'Book with consultant xl new office', 3, 1, '2017-05-23 15:02:38', '2017-05-24 10:30:00'),
(22, 9004, '2017-05-24', 'Meeting Medical ', 2, 0, '2017-05-23 15:03:01', '2017-05-24 09:30:00'),
(23, 14002, '1970-01-01', 'fc meeting', 2, 1, '2017-05-23 15:03:09', '1970-01-01 09:00:00'),
(24, 16001, '2017-05-23', 'Test', 2, 1, '2017-05-23 15:03:10', '2017-05-23 16:30:00'),
(25, 13001, '2017-05-24', 'Fm weekly', 2, 0, '2017-05-23 15:03:18', '2017-05-24 08:30:00'),
(26, 9001, '2017-05-24', 'Meeting dg asuransi', 2, 0, '2017-05-23 15:03:36', '2017-05-24 09:30:00'),
(27, 16003, '2017-05-25', '', 2, 1, '2017-05-23 15:03:53', '2017-05-25 09:30:00'),
(28, 14001, '2017-05-24', 'Jk', 2, 0, '2017-05-23 15:04:04', '2017-05-24 09:00:00'),
(29, 12004, '2017-05-24', '', 2, 0, '2017-05-23 15:04:08', '2017-05-24 08:30:00'),
(30, 11001, '2017-05-24', '', 2, 0, '2017-05-23 15:04:24', '2017-05-24 09:00:00'),
(31, 16004, '2017-05-24', '', 2, 0, '2017-05-23 15:04:36', '2017-05-24 07:30:00'),
(32, 8001, '2017-05-24', 'Meeting with BOD', 2, 0, '2017-05-23 15:04:50', '2017-05-24 10:00:00'),
(33, 12005, '2017-05-24', 'cepet approve', 2, 0, '2017-05-23 15:04:53', '2017-05-24 08:30:00'),
(34, 2001, '2017-05-24', 'Test HK', 2, 0, '2017-05-23 15:05:38', '2017-05-24 09:00:00'),
(35, 15001, '2017-05-24', 'Weekly meeting FD', 2, 1, '2017-05-23 15:06:31', '2017-05-24 09:00:00'),
(36, 27008, '2017-05-23', 'Testing ', 3, 1, '2017-05-23 15:08:44', '2017-05-23 11:00:00'),
(37, 27008, '2017-05-24', 'Meeting for new product', 2, 1, '2017-05-23 23:30:50', '2017-05-24 08:00:00'),
(38, 27008, '2017-05-24', 'Meeting for new product and prepare grand launching', 2, 1, '2017-05-23 23:32:24', '2017-05-24 08:00:00'),
(39, 27008, '2017-05-24', 'Meeting for new product and prepare grand launching', 2, 1, '2017-05-23 23:35:39', '2017-05-24 08:00:00'),
(40, 16002, '2017-05-24', 'FM coord. For Palma', 2, 0, '2017-05-24 09:39:20', '2017-05-24 17:00:00'),
(41, 10002, '2017-05-26', 'XL performance - amel', 2, 1, '2017-05-24 10:58:42', '2017-05-26 17:00:00'),
(42, 3, '2017-05-25', 'Ttgh', 2, 1, '2017-05-24 12:08:27', '2017-05-25 10:00:00'),
(43, 10001, '2017-05-29', 'test', 2, 0, '2017-05-25 08:42:48', '2017-05-29 08:00:00'),
(44, 10001, '2017-05-26', '', 2, 0, '2017-05-25 19:23:52', '2017-05-26 09:00:00'),
(45, 3, '2017-05-30', '', 2, 1, '2017-05-26 10:55:07', '2017-05-30 21:00:00'),
(46, 16003, '2017-05-29', 'Meeting XLC for new HQ\r\nPIC : Benedicta Karina', 3, 1, '2017-05-26 15:24:41', '2017-05-29 15:00:00'),
(47, 10002, '2017-05-29', 'Induction with souvik-amel 0818778024', 3, 1, '2017-05-28 19:11:35', '2017-05-29 09:00:00'),
(48, 10002, '2017-05-29', 'Induction for new hire - amel - 0818778024', 3, 1, '2017-05-28 19:12:29', '2017-05-29 09:00:00'),
(49, 27014, '2017-05-29', 'For dito recruitment', 3, 1, '2017-05-29 08:04:46', '2017-05-29 11:00:00'),
(50, 27014, '2017-05-29', 'For REFM ', 3, 1, '2017-05-29 08:19:01', '2017-05-29 16:00:00'),
(51, 12006, '2017-05-29', 'Booking untuk assessment dan interview kandidat', 3, 1, '2017-05-29 08:21:27', '2017-05-29 13:00:00'),
(52, 12006, '2017-05-29', 'Booking untuk interview recruitment ', 3, 1, '2017-05-29 08:23:25', '2017-05-29 13:00:00'),
(53, 27014, '2017-05-30', 'for mas Andhyka ', 3, 1, '2017-05-29 08:26:33', '2017-05-30 10:00:00'),
(54, 27014, '2017-05-29', 'For REFM', 3, 1, '2017-05-29 08:33:51', '2017-05-29 10:00:00'),
(55, 27014, '2017-05-29', 'For Meeting ROI/ROE', 3, 1, '2017-05-29 08:35:17', '2017-05-29 14:00:00'),
(56, 5003, '2017-05-29', 'Meeting with DTec. Pic: Deesy Irawati', 3, 0, '2017-05-29 08:43:36', '2017-05-29 13:00:00'),
(57, 5003, '2017-05-29', 'Meeting with DTec. PiC: Deesy Irawati', 3, 0, '2017-05-29 08:46:54', '2017-05-29 14:00:00'),
(58, 12004, '2017-05-30', 'Meeting with HC Leaders', 3, 0, '2017-05-29 08:48:05', '2017-05-30 15:00:00'),
(59, 6001, '2017-05-29', 'Internal meeting', 3, 1, '2017-05-29 09:19:11', '2017-05-29 11:00:00'),
(60, 9005, '2017-05-31', 'Sosialisasi New Travel Procedure', 3, 0, '2017-05-29 09:50:33', '2017-05-31 10:30:00'),
(61, 12006, '2017-05-29', 'Booking untuk interview recruitment ', 3, 1, '2017-05-29 10:38:58', '2017-05-29 13:00:00'),
(62, 9005, '2017-05-31', 'Sosialisasi New Travel Procedure', 2, 1, '2017-05-29 11:01:13', '2017-05-31 14:00:00'),
(63, 27016, '2017-05-30', '', 3, 1, '2017-05-29 12:30:03', '2017-05-30 10:00:00'),
(64, 3003, '2017-05-29', 'Sf improvement', 3, 0, '2017-05-29 12:52:11', '2017-05-29 14:30:00'),
(65, 27013, '2017-05-29', 'Sudah booking C tapi masih dipakai.. jadi cepet2 ganti', 3, 1, '2017-05-29 13:18:31', '2017-05-29 15:30:00'),
(66, 9005, '2017-05-31', 'Sosialisasi New Travel Procedure', 3, 0, '2017-05-29 13:32:45', '2017-05-31 14:00:00'),
(67, 12004, '2017-05-30', 'Meeting with HC Leaders', 3, 0, '2017-05-29 14:49:59', '2017-05-30 15:30:00'),
(68, 15003, '2017-05-30', 'Book internal fd fc vendor', 2, 1, '2017-05-29 14:56:00', '2017-05-30 11:00:00'),
(69, 11001, '2017-05-30', 'Meeting Outsource Transformation', 3, 0, '2017-05-30 08:07:47', '2017-05-30 09:30:00'),
(70, 27014, '2017-05-30', 'For Meeting HCOE with Pak Hira (59312)', 3, 1, '2017-05-30 08:29:34', '2017-05-30 13:30:00'),
(71, 27014, '2017-05-30', 'For Ibu Putri ', 3, 1, '2017-05-30 08:55:53', '2017-05-30 15:00:00'),
(72, 27016, '2017-05-30', 'Book for Martadi (DS)', 3, 1, '2017-05-30 10:44:08', '2017-05-30 16:00:00'),
(73, 5001, '2017-05-31', 'KeepUp Program preparation', 3, 0, '2017-05-30 13:26:55', '2017-05-31 14:00:00'),
(74, 27014, '2017-05-30', 'tes', 2, 1, '2017-05-30 15:08:46', '2017-05-30 16:00:00'),
(75, 3, '2017-05-31', 'Tes aja', 3, 1, '2017-05-30 15:28:40', '2017-05-31 09:30:00'),
(76, 15003, '2017-05-31', 'Meetinf with consultant for HQ office', 3, 1, '2017-05-30 15:35:50', '2017-05-31 11:00:00'),
(77, 27014, '2017-06-02', 'for uni recruitment', 3, 1, '2017-05-31 08:05:16', '2017-06-02 10:00:00'),
(78, 27014, '2017-05-31', 'for pak hira', 3, 1, '2017-05-31 08:05:47', '2017-05-31 09:00:00'),
(79, 12006, '2017-05-31', 'For assessment recruitment', 3, 1, '2017-05-31 08:06:34', '2017-05-31 12:00:00'),
(80, 27014, '2017-05-31', 'for HCFM ', 3, 1, '2017-05-31 08:07:32', '2017-05-31 10:00:00'),
(81, 27014, '2017-05-31', 'for mas yunus', 3, 1, '2017-05-31 09:57:54', '2017-05-31 11:00:00'),
(82, 10002, '2017-05-31', 'Amel - fgd on corporate identity', 3, 1, '2017-05-31 10:05:52', '2017-05-31 16:00:00'),
(83, 27018, '2017-06-02', '', 3, 0, '2017-05-31 11:20:37', '2017-06-02 16:00:00'),
(84, 16005, '2017-05-31', 'Meeting kang redi', 3, 1, '2017-05-31 13:46:44', '2017-05-31 15:30:00'),
(85, 16005, '2017-05-31', 'Meeting - discussing employee journey', 3, 1, '2017-05-31 13:50:06', '2017-05-31 15:00:00'),
(86, 12006, '2017-06-02', 'for assessment recruitment', 3, 1, '2017-05-31 14:37:31', '2017-06-02 12:00:00'),
(87, 10002, '2017-06-02', '', 3, 1, '2017-06-02 07:39:19', '2017-06-02 09:00:00'),
(88, 27015, '2017-06-02', 'HR discussion - andhyka hcbp', 3, 0, '2017-06-02 08:10:03', '2017-06-02 15:00:00'),
(89, 27015, '2017-06-02', 'Job eval - andhyka hcbp', 3, 0, '2017-06-02 08:12:58', '2017-06-02 14:00:00'),
(90, 27017, '2017-06-02', 'interview', 3, 1, '2017-06-02 08:17:46', '2017-06-02 10:00:00'),
(91, 27017, '2017-06-02', 'interview', 3, 1, '2017-06-02 09:44:58', '2017-06-02 11:00:00'),
(92, 27017, '2017-06-02', 'Interview & Assessment Candidate', 3, 1, '2017-06-02 09:56:08', '2017-06-02 16:00:00'),
(93, 27017, '2017-06-05', 'Assessment & interview candidate', 3, 1, '2017-06-02 10:03:36', '2017-06-05 12:00:00'),
(94, 27013, '2017-06-05', 'Coordination Meeting for Vendors XL new HQ', 3, 1, '2017-06-02 14:18:24', '2017-06-05 11:30:00'),
(95, 3, '2017-06-07', '', 2, 1, '2017-06-03 16:02:30', '2017-06-07 07:30:00'),
(96, 3, '2017-06-05', '', 3, 1, '2017-06-03 16:02:53', '2017-06-05 07:30:00'),
(97, 10002, '2017-06-05', 'Induction - amel', 3, 1, '2017-06-03 18:47:00', '2017-06-05 09:00:00'),
(98, 27015, '2017-06-05', 'Andhyka - haygroup', 3, 0, '2017-06-05 07:20:10', '2017-06-05 09:00:00'),
(99, 12006, '2017-06-05', 'for interview XL MDP', 3, 1, '2017-06-05 08:24:16', '2017-06-05 13:00:00'),
(100, 12006, '2017-06-05', 'for interview XL MDP', 3, 1, '2017-06-05 08:24:42', '2017-06-05 13:00:00'),
(101, 12006, '2017-06-05', 'for assessment recruitment', 3, 1, '2017-06-05 08:25:18', '2017-06-05 13:00:00'),
(102, 16001, '2017-06-05', 'Palma project', 3, 0, '2017-06-05 08:47:26', '2017-06-05 11:30:00'),
(103, 27017, '2017-06-06', 'Panel Interview XL MDP', 3, 1, '2017-06-05 09:39:21', '2017-06-06 12:00:00'),
(104, 27017, '2017-06-06', 'Panel Interview XL MDP', 3, 1, '2017-06-05 09:40:32', '2017-06-06 12:00:00'),
(105, 27017, '2017-06-07', 'Panel Interview XL MDP', 3, 0, '2017-06-05 09:40:54', '2017-06-07 12:00:00'),
(106, 27017, '2017-06-07', 'Panel interview XL MDP', 3, 1, '2017-06-05 09:41:15', '2017-06-07 12:00:00'),
(107, 27014, '2017-06-05', 'fot mba mita', 3, 0, '2017-06-05 09:44:52', '2017-06-05 12:00:00'),
(108, 27017, '2017-06-06', 'Interview pak Udhin', 3, 1, '2017-06-05 10:06:22', '2017-06-06 14:00:00'),
(109, 10002, '2017-06-06', 'Induction session', 3, 1, '2017-06-05 10:32:51', '2017-06-06 09:30:00'),
(110, 12006, '2017-06-05', 'for SM Recruitment Meeting', 3, 1, '2017-06-05 11:21:22', '2017-06-05 16:00:00'),
(111, 7003, '2017-06-06', 'Booked by Andree MKP', 3, 0, '2017-06-05 11:47:00', '2017-06-06 08:00:00'),
(112, 27015, '2017-06-05', 'Andhyka', 3, 0, '2017-06-05 12:00:07', '2017-06-05 13:00:00'),
(113, 27017, '2017-06-07', 'Panel interview user XL MDP', 3, 1, '2017-06-05 13:10:56', '2017-06-07 12:00:00'),
(114, 27017, '2017-06-07', 'Panel interview user XL MDP', 3, 0, '2017-06-05 13:11:37', '2017-06-07 12:00:00'),
(115, 16003, '2017-06-07', 'Mery FM - Proyek HQ Office', 3, 1, '2017-06-05 13:26:54', '2017-06-07 11:00:00'),
(116, 27014, '2017-06-05', 'for Pak Asjrin', 3, 0, '2017-06-05 13:43:16', '2017-06-05 16:00:00'),
(117, 27014, '2017-06-07', 'for HCFM ', 3, 0, '2017-06-05 14:04:33', '2017-06-07 10:00:00'),
(118, 16003, '2017-06-07', 'Mery FM - HQ Office \r\nMeeting w/ ME consultant', 3, 0, '2017-06-05 15:19:42', '2017-06-07 16:00:00'),
(119, 27019, '2017-06-07', 'Interview XL MDP dengan User', 3, 1, '2017-06-05 16:25:27', '2017-06-07 12:00:00'),
(120, 27019, '2017-06-07', 'Interview User XL-MDP', 3, 1, '2017-06-05 16:53:43', '2017-06-07 13:00:00'),
(121, 6001, '2017-06-06', 'Meeting internal HC strategy', 3, 0, '2017-06-06 08:22:04', '2017-06-06 11:00:00'),
(122, 27017, '2017-06-08', 'panel interview XL MDP', 3, 0, '2017-06-06 10:14:44', '2017-06-08 12:00:00'),
(123, 27017, '2017-06-08', 'panel interview XL MDP', 3, 0, '2017-06-06 10:15:07', '2017-06-08 12:00:00'),
(124, 27017, '2017-06-08', 'Panel interview user XL MDP', 3, 0, '2017-06-06 10:15:31', '2017-06-08 12:00:00'),
(125, 27017, '2017-06-08', 'Panel interview user XL MDP', 3, 0, '2017-06-06 10:15:58', '2017-06-08 12:00:00'),
(126, 27017, '2017-06-08', 'interview & assessment candidate recruitment', 3, 0, '2017-06-06 10:16:50', '2017-06-08 16:00:00'),
(127, 27017, '2017-06-08', 'interview dan assessment candidate recruitment', 3, 0, '2017-06-06 10:18:54', '2017-06-08 12:00:00'),
(128, 27020, '2017-06-08', 'Meeting Career Management', 3, 0, '2017-06-06 10:23:03', '2017-06-08 11:00:00'),
(129, 27017, '2017-06-08', 'assessment & interview candidate recruitment', 2, 1, '2017-06-06 10:26:35', '2017-06-08 16:00:00'),
(130, 6002, '2017-06-07', 'Coordination meeting', 3, 1, '2017-06-06 13:28:14', '2017-06-07 12:00:00'),
(131, 27019, '2017-06-08', 'Interview XL-MDP', 3, 0, '2017-06-06 13:31:31', '2017-06-08 12:00:00'),
(132, 27019, '2017-06-08', 'Interview XL-MDP', 3, 0, '2017-06-06 13:32:09', '2017-06-08 12:00:00'),
(133, 27019, '2017-06-08', 'Interview XL-MDP', 3, 0, '2017-06-06 13:35:03', '2017-06-08 12:00:00'),
(134, 27019, '2017-06-08', 'Interview XL-MDP', 3, 0, '2017-06-06 13:35:32', '2017-06-08 12:00:00'),
(135, 27019, '2017-06-08', 'Interview XL-MDP', 3, 0, '2017-06-06 13:36:37', '2017-06-08 12:00:00'),
(136, 27021, '2017-06-08', 'Internal Discussion', 3, 0, '2017-06-06 13:38:12', '2017-06-08 12:00:00'),
(137, 27014, '2017-06-08', 'for mas ey ', 3, 0, '2017-06-06 13:44:25', '2017-06-08 12:00:00'),
(138, 15001, '2017-06-06', '', 3, 0, '2017-06-06 14:06:28', '2017-06-06 15:00:00'),
(139, 27013, '2017-06-08', 'Meeting with contractors for XLC Sidoarjo', 3, 0, '2017-06-06 15:55:52', '2017-06-08 12:00:00'),
(140, 14005, '2017-06-07', 'HQ office palma 2\r\nKoordinasi desain interior', 3, 0, '2017-06-06 19:57:16', '2017-06-07 11:00:00'),
(141, 27019, '2017-06-09', 'Interview XL-MDP', 1, 1, '2017-06-07 06:58:45', '2017-06-09 12:00:00'),
(142, 27019, '2017-06-09', 'Interview XL-MDP', 1, 1, '2017-06-07 06:59:08', '2017-06-09 12:00:00'),
(143, 27019, '2017-06-09', 'Interview XL-MDP', 2, 1, '2017-06-07 06:59:57', '2017-06-09 13:00:00'),
(144, 27019, '2017-06-09', 'Interview XL-MDP', 1, 1, '2017-06-07 07:00:25', '2017-06-09 13:00:00'),
(145, 16003, '2017-06-07', 'Mery FM - HQ Office Project - Moving Scenario', 3, 0, '2017-06-07 07:08:03', '2017-06-07 10:30:00'),
(146, 12006, '2017-06-07', 'for assessment recruitment', 3, 0, '2017-06-07 07:45:11', '2017-06-07 13:00:00'),
(147, 27017, '2017-06-09', 'XL MDP talent management interview', 2, 1, '2017-06-07 07:46:06', '2017-06-09 12:00:00'),
(148, 12006, '2017-06-08', 'for assessment recruitment', 3, 0, '2017-06-07 07:46:59', '2017-06-08 16:30:00'),
(149, 27017, '2017-06-09', 'XL MDP talent management interview', 2, 1, '2017-06-07 07:47:09', '2017-06-09 12:00:00'),
(150, 12006, '2017-06-09', 'for assessment recruitment', 1, 1, '2017-06-07 07:47:39', '2017-06-09 13:00:00'),
(151, 27017, '2017-06-09', 'Assessment dan interview recruitment', 2, 1, '2017-06-07 07:48:10', '2017-06-09 12:00:00'),
(152, 27017, '2017-06-09', 'XL MDP User panel interview', 2, 1, '2017-06-07 07:48:49', '2017-06-09 12:00:00'),
(153, 27017, '2017-06-09', 'XL MDP User panel interview', 1, 1, '2017-06-07 07:49:31', '2017-06-09 12:00:00'),
(154, 27014, '2017-06-09', 'For Pak Hira', 1, 1, '2017-06-07 08:50:53', '2017-06-09 15:00:00'),
(155, 10002, '2017-06-08', 'induction new hire', 2, 1, '2017-06-07 09:22:28', '2017-06-08 09:30:00'),
(156, 10002, '2017-06-09', 'induction new hire', 1, 1, '2017-06-07 09:23:20', '2017-06-09 09:30:00'),
(157, 27014, '2017-06-09', 'for pak hira', 1, 1, '2017-06-07 09:52:40', '2017-06-09 15:00:00'),
(158, 10002, '2017-06-07', 'Go-up', 2, 1, '2017-06-07 09:55:39', '2017-06-07 10:30:00'),
(159, 10002, '2017-06-07', 'Go up', 2, 1, '2017-06-07 09:58:09', '2017-06-07 11:00:00'),
(160, 27015, '2017-06-07', 'Andhyka with hay group', 3, 0, '2017-06-07 10:47:31', '2017-06-07 15:00:00'),
(161, 27008, '2017-06-07', 'test', 3, 1, '2017-06-07 11:00:38', '2017-06-07 10:30:00'),
(162, 27008, '2017-06-07', 'test', 3, 1, '2017-06-07 11:02:13', '2017-06-07 21:00:00'),
(164, 27009, '2017-06-07', 'Meeting Tingroom with Pak Tiven', 3, 0, '2017-06-07 11:24:14', '2017-06-07 16:30:00'),
(165, 27017, '2017-06-09', 'Assessment & Interview candidate / recruitment', 1, 1, '2017-06-07 11:45:37', '2017-06-09 12:00:00'),
(166, 16003, '2017-06-07', 'Mery FM - HQ Office - Jabo moving', 3, 0, '2017-06-07 12:28:53', '2017-06-07 14:00:00'),
(167, 12006, '2017-06-07', 'for XL MDP interview', 3, 0, '2017-06-07 13:04:58', '2017-06-07 16:00:00'),
(168, 15003, '2017-06-08', 'Meeting dengan vendor', 3, 0, '2017-06-08 04:43:04', '2017-06-08 12:30:00'),
(169, 27015, '2017-06-08', 'Andhyka hcbp', 3, 0, '2017-06-08 07:24:52', '2017-06-08 15:00:00'),
(170, 6003, '2017-06-09', 'Sales Incentive briefing for Safari Ramadhan - Mita', 1, 0, '2017-06-08 08:09:09', '2017-06-09 11:30:00'),
(171, 27016, '2017-06-09', 'Booked for Kahfi DS', 1, 1, '2017-06-08 10:13:32', '2017-06-09 11:00:00'),
(172, 27017, '2017-06-08', 'meeting koordinasi team XL MDP', 3, 0, '2017-06-08 11:46:13', '2017-06-08 16:00:00'),
(173, 27014, '2017-06-12', 'for pak asjrin FM', 1, 1, '2017-06-08 14:05:14', '2017-06-12 12:30:00'),
(174, 27019, '2017-06-12', 'Interview XL-MDP', 1, 1, '2017-06-08 14:25:12', '2017-06-12 16:00:00'),
(175, 27014, '2017-06-12', 'for REFM ', 1, 1, '2017-06-08 14:26:04', '2017-06-12 10:00:00'),
(176, 27019, '2017-06-12', 'Interview XL-MDP', 1, 1, '2017-06-08 14:26:30', '2017-06-12 12:00:00'),
(177, 27014, '2017-06-12', 'for REFM', 1, 1, '2017-06-08 14:34:22', '2017-06-12 09:00:00'),
(178, 6002, '2017-06-09', 'Leo/Vivien', 1, 1, '2017-06-08 14:55:04', '2017-06-09 10:30:00'),
(179, 15003, '2017-06-09', 'Book xl hq project', 1, 1, '2017-06-08 18:14:41', '2017-06-09 13:00:00'),
(180, 6001, '2017-06-09', 'internal meeting', 1, 0, '2017-06-09 07:54:45', '2017-06-09 09:00:00'),
(181, 27019, '2017-06-09', 'Interview XL-MDP', 0, 0, '2017-06-09 07:59:02', '2017-06-09 12:00:00'),
(182, 27016, '2017-06-09', 'Booked for Ince DS', 1, 1, '2017-06-09 08:57:46', '2017-06-09 16:00:00'),
(184, 27016, '2017-06-12', 'Booked for Rini DS', 1, 0, '2017-06-09 10:28:31', '2017-06-12 16:00:00'),
(185, 27014, '2017-06-13', 'for pak tiven', 1, 0, '2017-06-09 10:29:32', '2017-06-13 10:00:00'),
(186, 27019, '2017-06-12', 'Interview XL-MDP', 0, 0, '2017-06-09 10:40:01', '2017-06-12 12:30:00'),
(187, 27019, '2017-06-12', 'Interview XL-MDP', 0, 0, '2017-06-09 10:40:29', '2017-06-12 12:30:00'),
(188, 5001, '2017-06-09', 'dipakai meeting sama Puji', 0, 0, '2017-06-09 14:17:59', '2017-06-09 15:30:00'),
(189, 10002, '2017-06-12', 'induction', 0, 0, '2017-06-09 15:29:32', '2017-06-12 09:30:00'),
(190, 27008, '2017-06-13', 'testing', 0, 0, '2017-06-10 12:28:20', '2017-06-13 15:00:00');

-- --------------------------------------------------------

--
-- Table structure for table `tb_det_booking`
--

DROP TABLE IF EXISTS `tb_det_booking`;
CREATE TABLE `tb_det_booking` (
  `id_det_booking` int(11) NOT NULL,
  `id_jadwal` int(11) NOT NULL,
  `id_booking` int(11) NOT NULL
) ENGINE=InnoDB DEFAULT CHARSET=latin1;

--
-- Dumping data for table `tb_det_booking`
--

INSERT INTO `tb_det_booking` (`id_det_booking`, `id_jadwal`, `id_booking`) VALUES
(11, 1, 6),
(12, 2, 6),
(13, 33, 7),
(14, 34, 7),
(15, 113, 8),
(16, 114, 8),
(17, 1, 9),
(18, 2, 9),
(19, 3, 10),
(20, 4, 10),
(21, 95, 11),
(22, 19, 12),
(23, 11, 13),
(24, 12, 13),
(25, 17, 14),
(26, 18, 14),
(27, 21, 15),
(28, 22, 15),
(29, 227, 16),
(30, 228, 16),
(31, 229, 16),
(32, 3, 17),
(33, 127, 18),
(34, 1, 19),
(35, 7, 20),
(36, 229, 21),
(37, 230, 21),
(38, 231, 21),
(39, 5, 22),
(40, 143, 23),
(41, 144, 23),
(42, 159, 24),
(43, 3, 25),
(44, 4, 26),
(45, 5, 26),
(46, 5, 27),
(47, 32, 28),
(48, 3, 29),
(49, 143, 30),
(50, 144, 30),
(51, 57, 31),
(52, 115, 32),
(53, 116, 32),
(54, 117, 32),
(55, 118, 32),
(56, 3, 33),
(57, 200, 34),
(58, 87, 35),
(59, 88, 35),
(60, 89, 36),
(61, 90, 36),
(62, 91, 36),
(63, 92, 36),
(64, 85, 37),
(65, 86, 37),
(66, 85, 38),
(67, 86, 38),
(68, 86, 39),
(69, 239, 40),
(70, 240, 40),
(71, 241, 40),
(72, 242, 40),
(73, 243, 40),
(74, 244, 40),
(75, 103, 41),
(76, 104, 41),
(77, 88, 42),
(78, 89, 42),
(79, 90, 42),
(80, 58, 43),
(81, 60, 44),
(82, 28, 45),
(83, 70, 46),
(84, 71, 46),
(85, 72, 46),
(86, 57, 47),
(87, 58, 47),
(88, 59, 47),
(89, 60, 47),
(90, 85, 48),
(91, 86, 48),
(92, 87, 48),
(93, 88, 48),
(94, 200, 49),
(95, 201, 49),
(96, 202, 49),
(97, 203, 49),
(98, 204, 49),
(99, 101, 50),
(100, 102, 50),
(101, 171, 51),
(102, 172, 51),
(103, 173, 51),
(104, 174, 51),
(105, 175, 51),
(106, 176, 51),
(107, 177, 51),
(108, 178, 51),
(109, 179, 51),
(110, 180, 51),
(111, 121, 52),
(112, 122, 52),
(113, 123, 52),
(114, 124, 52),
(115, 226, 53),
(116, 227, 53),
(117, 228, 53),
(118, 229, 53),
(119, 230, 53),
(120, 61, 54),
(121, 62, 54),
(122, 97, 55),
(123, 98, 55),
(124, 95, 56),
(125, 96, 56),
(126, 97, 57),
(127, 98, 57),
(128, 99, 58),
(129, 100, 58),
(130, 147, 59),
(131, 148, 59),
(132, 89, 60),
(133, 90, 60),
(134, 91, 60),
(135, 233, 61),
(136, 234, 61),
(137, 235, 61),
(138, 236, 61),
(139, 97, 62),
(140, 98, 62),
(141, 89, 63),
(142, 90, 63),
(143, 13, 64),
(144, 14, 64),
(145, 15, 64),
(146, 238, 65),
(147, 239, 65),
(148, 240, 65),
(149, 241, 65),
(150, 97, 66),
(151, 98, 66),
(152, 101, 67),
(153, 62, 68),
(154, 63, 68),
(155, 64, 68),
(156, 116, 69),
(157, 117, 69),
(158, 96, 70),
(159, 97, 70),
(160, 237, 71),
(161, 238, 71),
(162, 239, 71),
(163, 240, 71),
(164, 242, 72),
(165, 237, 73),
(166, 238, 73),
(167, 185, 74),
(168, 186, 74),
(169, 32, 75),
(170, 33, 75),
(171, 61, 76),
(172, 62, 76),
(173, 63, 76),
(174, 64, 76),
(175, 117, 77),
(176, 118, 77),
(177, 59, 78),
(178, 60, 78),
(179, 115, 79),
(180, 116, 79),
(181, 117, 79),
(182, 118, 79),
(183, 119, 79),
(184, 120, 79),
(185, 121, 79),
(186, 122, 79),
(187, 227, 80),
(188, 228, 80),
(189, 229, 80),
(190, 230, 80),
(191, 231, 81),
(192, 232, 81),
(193, 71, 82),
(194, 72, 82),
(195, 73, 82),
(196, 74, 82),
(197, 101, 83),
(198, 102, 83),
(199, 211, 84),
(200, 212, 84),
(201, 213, 84),
(202, 183, 85),
(203, 184, 85),
(204, 1, 86),
(205, 2, 86),
(206, 3, 86),
(207, 4, 86),
(208, 5, 86),
(209, 6, 86),
(210, 7, 86),
(211, 8, 86),
(212, 9, 86),
(213, 10, 86),
(214, 86, 87),
(215, 87, 87),
(216, 88, 87),
(217, 239, 88),
(218, 240, 88),
(219, 237, 89),
(220, 238, 89),
(221, 173, 90),
(222, 174, 90),
(223, 91, 91),
(224, 92, 91),
(225, 180, 92),
(226, 181, 92),
(227, 182, 92),
(228, 183, 92),
(229, 184, 92),
(230, 185, 92),
(231, 186, 92),
(232, 170, 93),
(233, 171, 93),
(234, 172, 93),
(235, 173, 93),
(236, 174, 93),
(237, 175, 93),
(238, 176, 93),
(239, 177, 93),
(240, 178, 93),
(241, 228, 94),
(242, 229, 94),
(243, 230, 94),
(244, 231, 94),
(245, 232, 94),
(246, 233, 94),
(247, 197, 95),
(248, 197, 96),
(249, 58, 97),
(250, 59, 97),
(251, 60, 97),
(252, 86, 98),
(253, 87, 98),
(254, 88, 98),
(255, 29, 99),
(256, 30, 99),
(257, 31, 99),
(258, 32, 99),
(259, 33, 99),
(260, 34, 99),
(261, 35, 99),
(262, 36, 99),
(263, 37, 99),
(264, 38, 99),
(265, 39, 99),
(266, 40, 99),
(267, 1, 100),
(268, 2, 100),
(269, 3, 100),
(270, 4, 100),
(271, 5, 100),
(272, 6, 100),
(273, 7, 100),
(274, 8, 100),
(275, 9, 100),
(276, 10, 100),
(277, 11, 100),
(278, 12, 100),
(279, 61, 101),
(280, 62, 101),
(281, 63, 101),
(282, 64, 101),
(283, 65, 101),
(284, 66, 101),
(285, 67, 101),
(286, 68, 101),
(287, 91, 102),
(288, 92, 102),
(289, 93, 102),
(290, 2, 103),
(291, 3, 103),
(292, 4, 103),
(293, 5, 103),
(294, 6, 103),
(295, 7, 103),
(296, 8, 103),
(297, 9, 103),
(298, 10, 103),
(299, 30, 104),
(300, 31, 104),
(301, 32, 104),
(302, 33, 104),
(303, 34, 104),
(304, 35, 104),
(305, 36, 104),
(306, 37, 104),
(307, 38, 104),
(308, 2, 105),
(309, 3, 105),
(310, 4, 105),
(311, 5, 105),
(312, 6, 105),
(313, 7, 105),
(314, 8, 105),
(315, 9, 105),
(316, 10, 105),
(317, 30, 106),
(318, 31, 106),
(319, 32, 106),
(320, 33, 106),
(321, 34, 106),
(322, 35, 106),
(323, 36, 106),
(324, 37, 106),
(325, 38, 106),
(326, 94, 107),
(327, 69, 108),
(328, 70, 108),
(329, 58, 109),
(330, 59, 109),
(331, 60, 109),
(332, 61, 109),
(333, 157, 110),
(334, 158, 110),
(335, 85, 111),
(336, 86, 111),
(337, 95, 112),
(338, 96, 112),
(339, 87, 113),
(340, 88, 113),
(341, 89, 113),
(342, 90, 113),
(343, 91, 113),
(344, 92, 113),
(345, 93, 113),
(346, 94, 113),
(347, 227, 114),
(348, 228, 114),
(349, 229, 114),
(350, 230, 114),
(351, 231, 114),
(352, 232, 114),
(353, 233, 114),
(354, 234, 114),
(355, 89, 115),
(356, 90, 115),
(357, 91, 115),
(358, 92, 115),
(359, 99, 116),
(360, 100, 116),
(361, 101, 116),
(362, 102, 116),
(363, 199, 117),
(364, 200, 117),
(365, 201, 117),
(366, 202, 117),
(367, 97, 118),
(368, 98, 118),
(369, 99, 118),
(370, 100, 118),
(371, 101, 118),
(372, 102, 118),
(373, 59, 119),
(374, 60, 119),
(375, 61, 119),
(376, 62, 119),
(377, 63, 119),
(378, 64, 119),
(379, 65, 119),
(380, 66, 119),
(381, 114, 120),
(382, 115, 120),
(383, 116, 120),
(384, 117, 120),
(385, 118, 120),
(386, 119, 120),
(387, 120, 120),
(388, 121, 120),
(389, 122, 120),
(390, 123, 120),
(391, 124, 120),
(392, 91, 121),
(393, 92, 121),
(394, 2, 122),
(395, 3, 122),
(396, 4, 122),
(397, 5, 122),
(398, 6, 122),
(399, 7, 122),
(400, 8, 122),
(401, 9, 122),
(402, 10, 122),
(403, 30, 123),
(404, 31, 123),
(405, 32, 123),
(406, 33, 123),
(407, 34, 123),
(408, 35, 123),
(409, 36, 123),
(410, 37, 123),
(411, 38, 123),
(412, 86, 124),
(413, 87, 124),
(414, 88, 124),
(415, 89, 124),
(416, 90, 124),
(417, 91, 124),
(418, 92, 124),
(419, 93, 124),
(420, 94, 124),
(421, 226, 125),
(422, 227, 125),
(423, 228, 125),
(424, 229, 125),
(425, 230, 125),
(426, 231, 125),
(427, 232, 125),
(428, 233, 125),
(429, 234, 125),
(430, 11, 126),
(431, 12, 126),
(432, 13, 126),
(433, 14, 126),
(434, 15, 126),
(435, 16, 126),
(436, 17, 126),
(437, 18, 126),
(438, 58, 127),
(439, 59, 127),
(440, 60, 127),
(441, 61, 127),
(442, 62, 127),
(443, 63, 127),
(444, 64, 127),
(445, 65, 127),
(446, 66, 127),
(447, 119, 128),
(448, 120, 128),
(449, 11, 129),
(450, 12, 129),
(451, 13, 129),
(452, 14, 129),
(453, 15, 129),
(454, 16, 129),
(455, 17, 129),
(456, 18, 129),
(457, 204, 130),
(458, 205, 130),
(459, 206, 130),
(460, 2, 131),
(461, 3, 131),
(462, 4, 131),
(463, 5, 131),
(464, 6, 131),
(465, 7, 131),
(466, 8, 131),
(467, 9, 131),
(468, 10, 131),
(469, 30, 132),
(470, 31, 132),
(471, 32, 132),
(472, 33, 132),
(473, 34, 132),
(474, 35, 132),
(475, 36, 132),
(476, 37, 132),
(477, 38, 132),
(478, 198, 133),
(479, 199, 133),
(480, 200, 133),
(481, 201, 133),
(482, 202, 133),
(483, 203, 133),
(484, 204, 133),
(485, 205, 133),
(486, 206, 133),
(487, 226, 134),
(488, 227, 134),
(489, 228, 134),
(490, 229, 134),
(491, 230, 134),
(492, 231, 134),
(493, 232, 134),
(494, 233, 134),
(495, 234, 134),
(496, 114, 135),
(497, 115, 135),
(498, 116, 135),
(499, 117, 135),
(500, 118, 135),
(501, 119, 135),
(502, 120, 135),
(503, 121, 135),
(504, 122, 135),
(505, 121, 136),
(506, 122, 136),
(507, 65, 137),
(508, 66, 137),
(509, 183, 138),
(510, 184, 138),
(511, 173, 139),
(512, 174, 139),
(513, 175, 139),
(514, 176, 139),
(515, 177, 139),
(516, 178, 139),
(517, 89, 140),
(518, 90, 140),
(519, 91, 140),
(520, 92, 140),
(521, 2, 141),
(522, 3, 141),
(523, 4, 141),
(524, 5, 141),
(525, 6, 141),
(526, 7, 141),
(527, 8, 141),
(528, 9, 141),
(529, 10, 141),
(530, 30, 142),
(531, 31, 142),
(532, 32, 142),
(533, 33, 142),
(534, 34, 142),
(535, 35, 142),
(536, 36, 142),
(537, 37, 142),
(538, 38, 142),
(539, 86, 143),
(540, 87, 143),
(541, 88, 143),
(542, 89, 143),
(543, 90, 143),
(544, 91, 143),
(545, 92, 143),
(546, 93, 143),
(547, 94, 143),
(548, 95, 143),
(549, 96, 143),
(550, 58, 144),
(551, 59, 144),
(552, 60, 144),
(553, 61, 144),
(554, 62, 144),
(555, 63, 144),
(556, 64, 144),
(557, 65, 144),
(558, 66, 144),
(559, 67, 144),
(560, 68, 144),
(561, 89, 145),
(562, 90, 145),
(563, 91, 145),
(564, 170, 146),
(565, 171, 146),
(566, 172, 146),
(567, 173, 146),
(568, 174, 146),
(569, 175, 146),
(570, 176, 146),
(571, 177, 146),
(572, 178, 146),
(573, 179, 146),
(574, 180, 146),
(575, 2, 147),
(576, 3, 147),
(577, 4, 147),
(578, 5, 147),
(579, 6, 147),
(580, 7, 147),
(581, 8, 147),
(582, 9, 147),
(583, 10, 147),
(584, 2, 148),
(585, 3, 148),
(586, 4, 148),
(587, 5, 148),
(588, 6, 148),
(589, 7, 148),
(590, 8, 148),
(591, 9, 148),
(592, 10, 148),
(593, 11, 148),
(594, 12, 148),
(595, 13, 148),
(596, 14, 148),
(597, 15, 148),
(598, 16, 148),
(599, 17, 148),
(600, 18, 148),
(601, 19, 148),
(602, 30, 149),
(603, 31, 149),
(604, 32, 149),
(605, 33, 149),
(606, 34, 149),
(607, 35, 149),
(608, 36, 149),
(609, 37, 149),
(610, 38, 149),
(611, 170, 150),
(612, 171, 150),
(613, 172, 150),
(614, 173, 150),
(615, 174, 150),
(616, 175, 150),
(617, 176, 150),
(618, 177, 150),
(619, 178, 150),
(620, 179, 150),
(621, 180, 150),
(622, 58, 151),
(623, 59, 151),
(624, 60, 151),
(625, 61, 151),
(626, 62, 151),
(627, 63, 151),
(628, 64, 151),
(629, 65, 151),
(630, 66, 151),
(631, 86, 152),
(632, 87, 152),
(633, 88, 152),
(634, 89, 152),
(635, 90, 152),
(636, 91, 152),
(637, 92, 152),
(638, 93, 152),
(639, 94, 152),
(640, 226, 153),
(641, 227, 153),
(642, 228, 153),
(643, 229, 153),
(644, 230, 153),
(645, 231, 153),
(646, 232, 153),
(647, 233, 153),
(648, 234, 153),
(649, 238, 154),
(650, 239, 154),
(651, 240, 154),
(652, 2, 155),
(653, 3, 155),
(654, 4, 155),
(655, 5, 155),
(656, 114, 156),
(657, 115, 156),
(658, 116, 156),
(659, 117, 156),
(660, 97, 157),
(661, 98, 157),
(662, 99, 157),
(663, 100, 157),
(664, 203, 158),
(665, 90, 159),
(666, 91, 159),
(667, 92, 159),
(668, 126, 160),
(669, 127, 160),
(670, 128, 160),
(671, 89, 161),
(672, 90, 161),
(673, 91, 161),
(674, 251, 162),
(675, 252, 162),
(680, 129, 164),
(681, 130, 164),
(682, 131, 164),
(683, 142, 165),
(684, 143, 165),
(685, 144, 165),
(686, 145, 165),
(687, 146, 165),
(688, 147, 165),
(689, 148, 165),
(690, 149, 165),
(691, 150, 165),
(692, 237, 166),
(693, 238, 166),
(694, 181, 167),
(695, 182, 167),
(696, 183, 167),
(697, 184, 167),
(698, 185, 167),
(699, 186, 167),
(700, 148, 168),
(701, 149, 168),
(702, 150, 168),
(703, 151, 168),
(704, 125, 169),
(705, 126, 169),
(706, 127, 169),
(707, 128, 169),
(708, 205, 170),
(709, 201, 171),
(710, 202, 171),
(711, 203, 171),
(712, 204, 171),
(713, 155, 172),
(714, 156, 172),
(715, 157, 172),
(716, 158, 172),
(717, 229, 173),
(718, 230, 173),
(719, 231, 173),
(720, 232, 173),
(721, 233, 173),
(722, 234, 173),
(723, 235, 173),
(724, 113, 174),
(725, 114, 174),
(726, 115, 174),
(727, 116, 174),
(728, 117, 174),
(729, 118, 174),
(730, 119, 174),
(731, 120, 174),
(732, 121, 174),
(733, 122, 174),
(734, 123, 174),
(735, 124, 174),
(736, 125, 174),
(737, 126, 174),
(738, 127, 174),
(739, 128, 174),
(740, 129, 174),
(741, 130, 174),
(742, 89, 175),
(743, 90, 175),
(744, 57, 176),
(745, 58, 176),
(746, 59, 176),
(747, 60, 176),
(748, 61, 176),
(749, 62, 176),
(750, 63, 176),
(751, 64, 176),
(752, 65, 176),
(753, 66, 176),
(754, 87, 177),
(755, 88, 177),
(756, 118, 178),
(757, 119, 178),
(758, 89, 179),
(759, 90, 179),
(760, 91, 179),
(761, 92, 179),
(762, 93, 179),
(763, 94, 179),
(764, 95, 179),
(765, 96, 179),
(766, 87, 180),
(767, 88, 180),
(768, 85, 181),
(769, 86, 181),
(770, 87, 181),
(771, 88, 181),
(772, 89, 181),
(773, 90, 181),
(774, 91, 181),
(775, 92, 181),
(776, 93, 181),
(777, 94, 181),
(778, 241, 182),
(779, 242, 182),
(782, 203, 184),
(783, 204, 184),
(784, 205, 184),
(785, 206, 184),
(786, 241, 184),
(787, 242, 184),
(788, 89, 185),
(789, 90, 185),
(790, 1, 186),
(791, 2, 186),
(792, 3, 186),
(793, 4, 186),
(794, 5, 186),
(795, 6, 186),
(796, 7, 186),
(797, 8, 186),
(798, 9, 186),
(799, 10, 186),
(800, 11, 186),
(801, 29, 187),
(802, 30, 187),
(803, 31, 187),
(804, 32, 187),
(805, 33, 187),
(806, 34, 187),
(807, 35, 187),
(808, 36, 187),
(809, 37, 187),
(810, 38, 187),
(811, 39, 187),
(812, 127, 188),
(813, 128, 188),
(814, 129, 188),
(815, 3, 189),
(816, 4, 189),
(817, 5, 189),
(818, 99, 190),
(819, 100, 190);

-- --------------------------------------------------------

--
-- Table structure for table `tb_gedung`
--

DROP TABLE IF EXISTS `tb_gedung`;
CREATE TABLE `tb_gedung` (
  `id_gedung` int(11) NOT NULL,
  `nama_gedung` varchar(255) NOT NULL,
  `deleted` int(11) NOT NULL
) ENGINE=InnoDB DEFAULT CHARSET=latin1;

--
-- Dumping data for table `tb_gedung`
--

INSERT INTO `tb_gedung` (`id_gedung`, `nama_gedung`, `deleted`) VALUES
(1, 'Menara Prima', 0);

-- --------------------------------------------------------

--
-- Table structure for table `tb_jadwal`
--

DROP TABLE IF EXISTS `tb_jadwal`;
CREATE TABLE `tb_jadwal` (
  `id_jadwal` int(11) NOT NULL,
  `id_ruangan` int(11) NOT NULL,
  `jam_awal` varchar(10) NOT NULL,
  `jam_akhir` varchar(10) NOT NULL,
  `deleted` int(11) NOT NULL
) ENGINE=InnoDB DEFAULT CHARSET=latin1;

--
-- Dumping data for table `tb_jadwal`
--

INSERT INTO `tb_jadwal` (`id_jadwal`, `id_ruangan`, `jam_awal`, `jam_akhir`, `deleted`) VALUES
(1, 1, '07:00', '07:30', 0),
(2, 1, '07:30', '08:00', 0),
(3, 1, '08:00', '08:30', 0),
(4, 1, '08:30', '09:00', 0),
(5, 1, '09:00', '09:30', 0),
(6, 1, '09:30', '10:00', 0),
(7, 1, '10:00', '10:30', 0),
(8, 1, '10:30', '11:00', 0),
(9, 1, '11:00', '11:30', 0),
(10, 1, '11:30', '12:00', 0),
(11, 1, '12:00', '12:30', 0),
(12, 1, '12:30', '13:00', 0),
(13, 1, '13:00', '13:30', 0),
(14, 1, '13:30', '14:00', 0),
(15, 1, '14:00', '14:30', 0),
(16, 1, '14:30', '15:00', 0),
(17, 1, '15:00', '15:30', 0),
(18, 1, '15:30', '16:00', 0),
(19, 1, '16:00', '16:30', 0),
(20, 1, '16:30', '17:00', 0),
(21, 1, '17:00', '17:30', 0),
(22, 1, '17:30', '18:00', 0),
(23, 1, '18:00', '18:30', 0),
(24, 1, '18:30', '19:00', 0),
(25, 1, '19:00', '19:30', 0),
(26, 1, '19:30', '20:00', 0),
(27, 1, '20:00', '20:30', 0),
(28, 1, '20:30', '21:00', 0),
(29, 2, '07:00', '07:30', 0),
(30, 2, '07:30', '08:00', 0),
(31, 2, '08:00', '08:30', 0),
(32, 2, '08:30', '09:00', 0),
(33, 2, '09:00', '09:30', 0),
(34, 2, '09:30', '10:00', 0),
(35, 2, '10:00', '10:30', 0),
(36, 2, '10:30', '11:00', 0),
(37, 2, '11:00', '11:30', 0),
(38, 2, '11:30', '12:00', 0),
(39, 2, '12:00', '12:30', 0),
(40, 2, '12:30', '13:00', 0),
(41, 2, '13:00', '13:30', 0),
(42, 2, '13:30', '14:00', 0),
(43, 2, '14:00', '14:30', 0),
(44, 2, '14:30', '15:00', 0),
(45, 2, '15:00', '15:30', 0),
(46, 2, '15:30', '16:00', 0),
(47, 2, '16:00', '16:30', 0),
(48, 2, '16:30', '17:00', 0),
(49, 2, '17:00', '17:30', 0),
(50, 2, '17:30', '18:00', 0),
(51, 2, '18:00', '18:30', 0),
(52, 2, '18:30', '19:00', 0),
(53, 2, '19:00', '19:30', 0),
(54, 2, '19:30', '20:00', 0),
(55, 2, '20:00', '20:30', 0),
(56, 2, '20:30', '21:00', 0),
(57, 3, '07:00', '07:30', 0),
(58, 3, '07:30', '08:00', 0),
(59, 3, '08:00', '08:30', 0),
(60, 3, '08:30', '09:00', 0),
(61, 3, '09:00', '09:30', 0),
(62, 3, '09:30', '10:00', 0),
(63, 3, '10:00', '10:30', 0),
(64, 3, '10:30', '11:00', 0),
(65, 3, '11:00', '11:30', 0),
(66, 3, '11:30', '12:00', 0),
(67, 3, '12:00', '12:30', 0),
(68, 3, '12:30', '13:00', 0),
(69, 3, '13:00', '13:30', 0),
(70, 3, '13:30', '14:00', 0),
(71, 3, '14:00', '14:30', 0),
(72, 3, '14:30', '15:00', 0),
(73, 3, '15:00', '15:30', 0),
(74, 3, '15:30', '16:00', 0),
(75, 3, '16:00', '16:30', 0),
(76, 3, '16:30', '17:00', 0),
(77, 3, '17:00', '17:30', 0),
(78, 3, '17:30', '18:00', 0),
(79, 3, '18:00', '18:30', 0),
(80, 3, '18:30', '19:00', 0),
(81, 3, '19:00', '19:30', 0),
(82, 3, '19:30', '20:00', 0),
(83, 3, '20:00', '20:30', 0),
(84, 3, '20:30', '21:00', 0),
(85, 4, '07:00', '07:30', 0),
(86, 4, '07:30', '08:00', 0),
(87, 4, '08:00', '08:30', 0),
(88, 4, '08:30', '09:00', 0),
(89, 4, '09:00', '09:30', 0),
(90, 4, '09:30', '10:00', 0),
(91, 4, '10:00', '10:30', 0),
(92, 4, '10:30', '11:00', 0),
(93, 4, '11:00', '11:30', 0),
(94, 4, '11:30', '12:00', 0),
(95, 4, '12:00', '12:30', 0),
(96, 4, '12:30', '13:00', 0),
(97, 4, '13:00', '13:30', 0),
(98, 4, '13:30', '14:00', 0),
(99, 4, '14:00', '14:30', 0),
(100, 4, '14:30', '15:00', 0),
(101, 4, '15:00', '15:30', 0),
(102, 4, '15:30', '16:00', 0),
(103, 4, '16:00', '16:30', 0),
(104, 4, '16:30', '17:00', 0),
(105, 4, '17:00', '17:30', 0),
(106, 4, '17:30', '18:00', 0),
(107, 4, '18:00', '18:30', 0),
(108, 4, '18:30', '19:00', 0),
(109, 4, '19:00', '19:30', 0),
(110, 4, '19:30', '20:00', 0),
(111, 4, '20:00', '20:30', 0),
(112, 4, '20:30', '21:00', 0),
(113, 5, '07:00', '07:30', 0),
(114, 5, '07:30', '08:00', 0),
(115, 5, '08:00', '08:30', 0),
(116, 5, '08:30', '09:00', 0),
(117, 5, '09:00', '09:30', 0),
(118, 5, '09:30', '10:00', 0),
(119, 5, '10:00', '10:30', 0),
(120, 5, '10:30', '11:00', 0),
(121, 5, '11:00', '11:30', 0),
(122, 5, '11:30', '12:00', 0),
(123, 5, '12:00', '12:30', 0),
(124, 5, '12:30', '13:00', 0),
(125, 5, '13:00', '13:30', 0),
(126, 5, '13:30', '14:00', 0),
(127, 5, '14:00', '14:30', 0),
(128, 5, '14:30', '15:00', 0),
(129, 5, '15:00', '15:30', 0),
(130, 5, '15:30', '16:00', 0),
(131, 5, '16:00', '16:30', 0),
(132, 5, '16:30', '17:00', 0),
(133, 5, '17:00', '17:30', 0),
(134, 5, '17:30', '18:00', 0),
(135, 5, '18:00', '18:30', 0),
(136, 5, '18:30', '19:00', 0),
(137, 5, '19:00', '19:30', 0),
(138, 5, '19:30', '20:00', 0),
(139, 5, '20:00', '20:30', 0),
(140, 5, '20:30', '21:00', 0),
(141, 6, '07:00', '07:30', 0),
(142, 6, '07:30', '08:00', 0),
(143, 6, '08:00', '08:30', 0),
(144, 6, '08:30', '09:00', 0),
(145, 6, '09:00', '09:30', 0),
(146, 6, '09:30', '10:00', 0),
(147, 6, '10:00', '10:30', 0),
(148, 6, '10:30', '11:00', 0),
(149, 6, '11:00', '11:30', 0),
(150, 6, '11:30', '12:00', 0),
(151, 6, '12:00', '12:30', 0),
(152, 6, '12:30', '13:00', 0),
(153, 6, '13:00', '13:30', 0),
(154, 6, '13:30', '14:00', 0),
(155, 6, '14:00', '14:30', 0),
(156, 6, '14:30', '15:00', 0),
(157, 6, '15:00', '15:30', 0),
(158, 6, '15:30', '16:00', 0),
(159, 6, '16:00', '16:30', 0),
(160, 6, '16:30', '17:00', 0),
(161, 6, '17:00', '17:30', 0),
(162, 6, '17:30', '18:00', 0),
(163, 6, '18:00', '18:30', 0),
(164, 6, '18:30', '19:00', 0),
(165, 6, '19:00', '19:30', 0),
(166, 6, '19:30', '20:00', 0),
(167, 6, '20:00', '20:30', 0),
(168, 6, '20:30', '21:00', 0),
(169, 7, '07:00', '07:30', 0),
(170, 7, '07:30', '08:00', 0),
(171, 7, '08:00', '08:30', 0),
(172, 7, '08:30', '09:00', 0),
(173, 7, '09:00', '09:30', 0),
(174, 7, '09:30', '10:00', 0),
(175, 7, '10:00', '10:30', 0),
(176, 7, '10:30', '11:00', 0),
(177, 7, '11:00', '11:30', 0),
(178, 7, '11:30', '12:00', 0),
(179, 7, '12:00', '12:30', 0),
(180, 7, '12:30', '13:00', 0),
(181, 7, '13:00', '13:30', 0),
(182, 7, '13:30', '14:00', 0),
(183, 7, '14:00', '14:30', 0),
(184, 7, '14:30', '15:00', 0),
(185, 7, '15:00', '15:30', 0),
(186, 7, '15:30', '16:00', 0),
(187, 7, '16:00', '16:30', 0),
(188, 7, '16:30', '17:00', 0),
(189, 7, '17:00', '17:30', 0),
(190, 7, '17:30', '18:00', 0),
(191, 7, '18:00', '18:30', 0),
(192, 7, '18:30', '19:00', 0),
(193, 7, '19:00', '19:30', 0),
(194, 7, '19:30', '20:00', 0),
(195, 7, '20:00', '20:30', 0),
(196, 7, '20:30', '21:00', 0),
(197, 8, '07:00', '07:30', 0),
(198, 8, '07:30', '08:00', 0),
(199, 8, '08:00', '08:30', 0),
(200, 8, '08:30', '09:00', 0),
(201, 8, '09:00', '09:30', 0),
(202, 8, '09:30', '10:00', 0),
(203, 8, '10:00', '10:30', 0),
(204, 8, '10:30', '11:00', 0),
(205, 8, '11:00', '11:30', 0),
(206, 8, '11:30', '12:00', 0),
(207, 8, '12:00', '12:30', 0),
(208, 8, '12:30', '13:00', 0),
(209, 8, '13:00', '13:30', 0),
(210, 8, '13:30', '14:00', 0),
(211, 8, '14:00', '14:30', 0),
(212, 8, '14:30', '15:00', 0),
(213, 8, '15:00', '15:30', 0),
(214, 8, '15:30', '16:00', 0),
(215, 8, '16:00', '16:30', 0),
(216, 8, '16:30', '17:00', 0),
(217, 8, '17:00', '17:30', 0),
(218, 8, '17:30', '18:00', 0),
(219, 8, '18:00', '18:30', 0),
(220, 8, '18:30', '19:00', 0),
(221, 8, '19:00', '19:30', 0),
(222, 8, '19:30', '20:00', 0),
(223, 8, '20:00', '20:30', 0),
(224, 8, '20:30', '21:00', 0),
(225, 9, '07:00', '07:30', 0),
(226, 9, '07:30', '08:00', 0),
(227, 9, '08:00', '08:30', 0),
(228, 9, '08:30', '09:00', 0),
(229, 9, '09:00', '09:30', 0),
(230, 9, '09:30', '10:00', 0),
(231, 9, '10:00', '10:30', 0),
(232, 9, '10:30', '11:00', 0),
(233, 9, '11:00', '11:30', 0),
(234, 9, '11:30', '12:00', 0),
(235, 9, '12:00', '12:30', 0),
(236, 9, '12:30', '13:00', 0),
(237, 9, '13:00', '13:30', 0),
(238, 9, '13:30', '14:00', 0),
(239, 9, '14:00', '14:30', 0),
(240, 9, '14:30', '15:00', 0),
(241, 9, '15:00', '15:30', 0),
(242, 9, '15:30', '16:00', 0),
(243, 9, '16:00', '16:30', 0),
(244, 9, '16:30', '17:00', 0),
(245, 9, '17:00', '17:30', 0),
(246, 9, '17:30', '18:00', 0),
(247, 9, '18:00', '18:30', 0),
(248, 9, '18:30', '19:00', 0),
(249, 9, '19:00', '19:30', 0),
(250, 9, '19:30', '20:00', 0),
(251, 9, '20:00', '20:30', 0),
(252, 9, '20:30', '21:00', 0);

-- --------------------------------------------------------

--
-- Table structure for table `tb_lantai`
--

DROP TABLE IF EXISTS `tb_lantai`;
CREATE TABLE `tb_lantai` (
  `id_lantai` int(11) NOT NULL,
  `nama_lantai` varchar(255) NOT NULL,
  `id_gedung` int(11) NOT NULL,
  `deleted` int(11) NOT NULL
) ENGINE=InnoDB DEFAULT CHARSET=latin1;

--
-- Dumping data for table `tb_lantai`
--

INSERT INTO `tb_lantai` (`id_lantai`, `nama_lantai`, `id_gedung`, `deleted`) VALUES
(1, '32', 1, 0);

-- --------------------------------------------------------

--
-- Table structure for table `tb_ruangan`
--

DROP TABLE IF EXISTS `tb_ruangan`;
CREATE TABLE `tb_ruangan` (
  `id_ruangan` int(11) NOT NULL,
  `nama_ruangan` varchar(255) NOT NULL,
  `id_lantai` int(11) NOT NULL,
  `board` int(11) NOT NULL,
  `proyektor` int(11) NOT NULL,
  `kapasitas` int(11) NOT NULL,
  `deleted` int(11) NOT NULL
) ENGINE=InnoDB DEFAULT CHARSET=latin1;

--
-- Dumping data for table `tb_ruangan`
--

INSERT INTO `tb_ruangan` (`id_ruangan`, `nama_ruangan`, `id_lantai`, `board`, `proyektor`, `kapasitas`, `deleted`) VALUES
(1, 'Room A', 1, 1, 0, 4, 0),
(2, 'Room B', 1, 1, 0, 4, 0),
(3, 'Room C', 1, 2, 1, 8, 0),
(4, 'Room D', 1, 2, 1, 12, 0),
(5, 'Room E', 1, 1, 0, 4, 0),
(6, 'Room F', 1, 2, 0, 4, 0),
(7, 'Room G', 1, 3, 0, 4, 0),
(8, 'Room H', 1, 1, 0, 10, 0),
(9, 'Room I', 1, 1, 1, 10, 0);

-- --------------------------------------------------------

--
-- Table structure for table `tb_unit`
--

DROP TABLE IF EXISTS `tb_unit`;
CREATE TABLE `tb_unit` (
  `id_unit` int(11) NOT NULL,
  `nama_unit` varchar(255) NOT NULL,
  `deleted` int(11) NOT NULL
) ENGINE=InnoDB DEFAULT CHARSET=latin1;

--
-- Dumping data for table `tb_unit`
--

INSERT INTO `tb_unit` (`id_unit`, `nama_unit`, `deleted`) VALUES
(1, 'IT', 0),
(2, 'Human Capital & Facility Management', 0),
(3, 'Human Capital Business Partner', 0),
(4, 'Human Capital Center of Expertise', 0),
(5, 'Curriculum', 0),
(6, 'Organization & HC Strategy', 0),
(7, 'Talent Management & People Development', 0),
(8, 'Human Capital Shared Service', 0),
(9, 'Compensation & Benefit', 0),
(10, 'Industrial & Employee Relation', 0),
(11, 'Outsource Management', 0),
(12, 'Talent Acquisition', 0),
(13, 'Real Estate & Facility Management', 0),
(14, 'Facility Construction', 0),
(15, 'Facility Design', 0),
(16, 'Facility Planning', 0),
(17, 'Capex Control', 0),
(18, 'Tower Infrastructure & Provisioning', 0),
(19, 'Sales Carrier - Wholesale Business', 0),
(20, 'Postpaid', 0),
(21, 'Postpaid Communication', 0),
(22, 'Postpaid Customer Analytics', 0),
(23, 'Postpaid Go-To-Market', 0),
(24, 'Postpaid Operations', 0),
(25, 'DS Operation Management', 0),
(26, 'Infrastructure Planning & Design', 0),
(27, 'Product & Service Provisioning', 0);

-- --------------------------------------------------------

--
-- Table structure for table `tb_user`
--

DROP TABLE IF EXISTS `tb_user`;
CREATE TABLE `tb_user` (
  `id_user` int(11) NOT NULL,
  `email` varchar(255) NOT NULL,
  `password` varchar(255) NOT NULL,
  `nama` varchar(255) NOT NULL,
  `no_hp` varchar(20) DEFAULT NULL,
  `id_lantai` int(11) DEFAULT NULL,
  `id_unit` int(11) DEFAULT NULL,
  `level` int(11) NOT NULL,
  `status` int(11) NOT NULL,
  `deleted` int(11) NOT NULL
) ENGINE=InnoDB DEFAULT CHARSET=latin1;

--
-- Dumping data for table `tb_user`
--

INSERT INTO `tb_user` (`id_user`, `email`, `password`, `nama`, `no_hp`, `id_lantai`, `id_unit`, `level`, `status`, `deleted`) VALUES
(1, 'admin', '$2y$10$/GzucEPIc3fQrEEJK5Lq.uqvSEbzBCWcTy8LK1WGEmGs5x1rR3D5e', 'Admin', NULL, NULL, NULL, 1, 1, 0),
(2, 'sekretaris', '$2y$10$k3Wtl06fhzMaCvF5nERRXOAY5oesfhukQhat14FKJ5f3nOnyQwZzm', 'Sekretaris', '', 1, 1, 2, 1, 0),
(3, 'testuser@test.com', '$2y$10$c4I3Fy4TuG6TT4AoUnV0GORWpSXGkFMhQQsa7vwZeOBrQfmUWuvC2', 'Test User', '081807946698', 1, 1, 3, 1, 0),
(4, 'sekretaris32', '$2y$10$k3Wtl06fhzMaCvF5nERRXOAY5oesfhukQhat14FKJ5f3nOnyQwZzm', 'Puput', NULL, 1, 2, 2, 1, 0),
(2001, 'm.hirak@xl.co.id', '$2y$10$ar9apKcd6mzvHcKq98ogwuLoU5DojzbLzZkooBZzt35DShZ4j4/FS', 'Mochamad Hira Kurnia', '', 1, 2, 3, 1, 0),
(2002, 'fernandi@xl.co.id', '$2y$10$ar9apKcd6mzvHcKq98ogwuLoU5DojzbLzZkooBZzt35DShZ4j4/FS', 'Fernandi Mahendrasusila', '', 1, 2, 3, 1, 0),
(2003, 'aans@xl.co.id', '$2y$10$ar9apKcd6mzvHcKq98ogwuLoU5DojzbLzZkooBZzt35DShZ4j4/FS', 'A\'an Sriyani', '', 1, 2, 3, 1, 0),
(3001, 'sariningdyah@xl.co.id', '$2y$10$ar9apKcd6mzvHcKq98ogwuLoU5DojzbLzZkooBZzt35DShZ4j4/FS', 'Sariningdyah Permadi', '', 1, 3, 3, 1, 0),
(3002, 'rvivien@xl.co.id', '$2y$10$ar9apKcd6mzvHcKq98ogwuLoU5DojzbLzZkooBZzt35DShZ4j4/FS', 'R. Vivien Arifianthie', '', 1, 3, 3, 1, 0),
(3003, 'rezkyaa@xl.co.id', '$2y$10$ar9apKcd6mzvHcKq98ogwuLoU5DojzbLzZkooBZzt35DShZ4j4/FS', 'Rezkya Aryani Putri', '', 1, 3, 3, 1, 0),
(4001, 'plintang@xl.co.id', '$2y$10$ar9apKcd6mzvHcKq98ogwuLoU5DojzbLzZkooBZzt35DShZ4j4/FS', 'Putri Lintang', '', 1, 4, 3, 1, 0),
(4002, 'pria@xl.co.id', '$2y$10$ar9apKcd6mzvHcKq98ogwuLoU5DojzbLzZkooBZzt35DShZ4j4/FS', 'Pri Agustama', '', 1, 4, 3, 1, 0),
(4003, 'rrindayadi@xl.co.id', '$2y$10$ar9apKcd6mzvHcKq98ogwuLoU5DojzbLzZkooBZzt35DShZ4j4/FS', 'Redi Rindayadi Ahmad', '', 1, 4, 3, 1, 0),
(4004, 'firdianti@xl.co.id', '$2y$10$ar9apKcd6mzvHcKq98ogwuLoU5DojzbLzZkooBZzt35DShZ4j4/FS', 'Firdianti .', '', 1, 4, 3, 1, 0),
(5001, 'pujib@xl.co.id', '$2y$10$ar9apKcd6mzvHcKq98ogwuLoU5DojzbLzZkooBZzt35DShZ4j4/FS', 'Puji Basuki', '', 1, 5, 3, 1, 0),
(5002, 'iazmi@xl.co.id', '$2y$10$ar9apKcd6mzvHcKq98ogwuLoU5DojzbLzZkooBZzt35DShZ4j4/FS', 'Irvan Azmi', '', 1, 5, 3, 1, 0),
(5003, 'bondanp@xl.co.id', '$2y$10$ar9apKcd6mzvHcKq98ogwuLoU5DojzbLzZkooBZzt35DShZ4j4/FS', 'Bondan Permana', '', 1, 5, 3, 1, 0),
(6001, 'ryyldi@xl.co.id', '$2y$10$ar9apKcd6mzvHcKq98ogwuLoU5DojzbLzZkooBZzt35DShZ4j4/FS', 'Ryyld Ipbtas Yusri', '', 1, 6, 3, 1, 0),
(6002, 'leonardt@xl.co.id', '$2y$10$ar9apKcd6mzvHcKq98ogwuLoU5DojzbLzZkooBZzt35DShZ4j4/FS', 'Leonard Theodore Setiawan', '', 1, 6, 3, 1, 0),
(6003, 'msaraswati@xl.co.id', '$2y$10$ar9apKcd6mzvHcKq98ogwuLoU5DojzbLzZkooBZzt35DShZ4j4/FS', 'Mita Saraswati', '', 1, 6, 3, 1, 0),
(6004, 'clarac@xl.co.id', '$2y$10$ar9apKcd6mzvHcKq98ogwuLoU5DojzbLzZkooBZzt35DShZ4j4/FS', 'Clara Cyntiarini Wijayanti', '', 1, 6, 3, 1, 0),
(7001, 'tiven@xl.co.id', '$2y$10$ar9apKcd6mzvHcKq98ogwuLoU5DojzbLzZkooBZzt35DShZ4j4/FS', 'Tiven Wardono', '', 1, 7, 3, 1, 0),
(7002, 'donnal@xl.co.id', '$2y$10$ar9apKcd6mzvHcKq98ogwuLoU5DojzbLzZkooBZzt35DShZ4j4/FS', 'Donna Lumita', '', 1, 7, 3, 1, 0),
(7003, 'andreem@xl.co.id', '$2y$10$eUOdBLBCIqs.y/exZAc4M.uvirTdq7LksSqLggKAe09Uqm55leq5y', 'Andree Murtantyo Kusumo Putro', '', 1, 7, 3, 1, 0),
(7004, 'mirnao@xl.co.id', '$2y$10$ar9apKcd6mzvHcKq98ogwuLoU5DojzbLzZkooBZzt35DShZ4j4/FS', 'Mirna Oktaviani', '', 1, 7, 3, 1, 0),
(8001, 'nashrudini@xl.co.id', '$2y$10$ar9apKcd6mzvHcKq98ogwuLoU5DojzbLzZkooBZzt35DShZ4j4/FS', 'Nashrudin Ismail', '', 1, 8, 3, 1, 0),
(9001, 'venny@xl.co.id', '$2y$10$ar9apKcd6mzvHcKq98ogwuLoU5DojzbLzZkooBZzt35DShZ4j4/FS', 'Veronica Venny Hartono', '', 1, 9, 3, 1, 0),
(9002, 'yustina@xl.co.id', '$2y$10$ar9apKcd6mzvHcKq98ogwuLoU5DojzbLzZkooBZzt35DShZ4j4/FS', 'Yustina Novi Ardhiani', '', 1, 9, 3, 1, 0),
(9003, 'yuke@xl.co.id', '$2y$10$ar9apKcd6mzvHcKq98ogwuLoU5DojzbLzZkooBZzt35DShZ4j4/FS', 'Yuke Ervina Candradewi', '', 1, 9, 3, 1, 0),
(9004, 'lindam@xl.co.id', '$2y$10$uOsN4vVx/lIQBPwjjNUFCOt3kWfGe/uFSsFKwel/kwYVGfey6d5DW', 'Linda Magdalena', '', 1, 9, 3, 1, 0),
(9005, 'arahmiyati@xl.co.id', '$2y$10$ar9apKcd6mzvHcKq98ogwuLoU5DojzbLzZkooBZzt35DShZ4j4/FS', 'Amalia Rahmiyati.', '', 1, 9, 3, 1, 0),
(9006, 'arib@xl.co.id', '$2y$10$ar9apKcd6mzvHcKq98ogwuLoU5DojzbLzZkooBZzt35DShZ4j4/FS', 'Ari Binuko', '', 1, 9, 3, 1, 0),
(10001, 'theresiad@xl.co.id', '$2y$10$ar9apKcd6mzvHcKq98ogwuLoU5DojzbLzZkooBZzt35DShZ4j4/FS', 'Theresia Dian Pratiwi', '', 1, 10, 3, 1, 0),
(10002, 'lutfia@xl.co.id', '$2y$10$ar9apKcd6mzvHcKq98ogwuLoU5DojzbLzZkooBZzt35DShZ4j4/FS', 'Lutfi Amaliah Ismi', '', 1, 10, 3, 1, 0),
(11001, 'kresentia@xl.co.id', '$2y$10$ar9apKcd6mzvHcKq98ogwuLoU5DojzbLzZkooBZzt35DShZ4j4/FS', 'Kresentia Widayanti', '', 1, 11, 3, 1, 0),
(11002, 'erukmiati@xl.co.id', '$2y$10$ar9apKcd6mzvHcKq98ogwuLoU5DojzbLzZkooBZzt35DShZ4j4/FS', 'Erna Rukmiati', '', 1, 11, 3, 1, 0),
(11003, 'yevak@xl.co.id', '$2y$10$ar9apKcd6mzvHcKq98ogwuLoU5DojzbLzZkooBZzt35DShZ4j4/FS', 'Yeva Karmila', '', 1, 11, 3, 1, 0),
(11004, 'ritawati@xl.co.id', '$2y$10$ar9apKcd6mzvHcKq98ogwuLoU5DojzbLzZkooBZzt35DShZ4j4/FS', 'Ritawati .', '', 1, 11, 3, 1, 0),
(12001, 'ryanti@xl.co.id', '$2y$10$ar9apKcd6mzvHcKq98ogwuLoU5DojzbLzZkooBZzt35DShZ4j4/FS', 'Rama Yanti', '', 1, 12, 3, 1, 0),
(12002, 'adet@xl.co.id', '$2y$10$ar9apKcd6mzvHcKq98ogwuLoU5DojzbLzZkooBZzt35DShZ4j4/FS', 'Ade Trihasti', '', 1, 12, 3, 1, 0),
(12003, 'aztiap@xl.co.id', '$2y$10$ar9apKcd6mzvHcKq98ogwuLoU5DojzbLzZkooBZzt35DShZ4j4/FS', 'Aztia Pertiwi Damukuto', '', 1, 12, 3, 1, 0),
(12004, 'elsan@xl.co.id', '$2y$10$ar9apKcd6mzvHcKq98ogwuLoU5DojzbLzZkooBZzt35DShZ4j4/FS', 'Elsa Nedia', '', 1, 12, 3, 1, 0),
(12005, 'yosephas@xl.co.id', '$2y$10$ar9apKcd6mzvHcKq98ogwuLoU5DojzbLzZkooBZzt35DShZ4j4/FS', 'Yosepha Sistine', '', 1, 12, 3, 1, 0),
(12006, 'andaruni@xl.co.id', '$2y$10$ar9apKcd6mzvHcKq98ogwuLoU5DojzbLzZkooBZzt35DShZ4j4/FS', 'Andaruni Trina Lestari', '', 1, 12, 3, 1, 0),
(12007, 'mellytan@xl.co.id', '$2y$10$ar9apKcd6mzvHcKq98ogwuLoU5DojzbLzZkooBZzt35DShZ4j4/FS', 'Mellyta Noviastuti', '', 1, 12, 3, 1, 0),
(12008, 'xlapp.brahmanditha ardian', '$2y$10$ar9apKcd6mzvHcKq98ogwuLoU5DojzbLzZkooBZzt35DShZ4j4/FS', 'Brahmanditha Ardian ', '', 1, 12, 3, 1, 1),
(13001, 'asjrin@xl.co.id', '$2y$10$ar9apKcd6mzvHcKq98ogwuLoU5DojzbLzZkooBZzt35DShZ4j4/FS', 'Asjrin Chudary', '', 1, 13, 3, 1, 0),
(14001, 'hananta@xl.co.id', '$2y$10$ar9apKcd6mzvHcKq98ogwuLoU5DojzbLzZkooBZzt35DShZ4j4/FS', 'Hananta Satyadi Adityawarman', '', 1, 14, 3, 1, 0),
(14002, 'ingridl@xl.co.id', '$2y$10$VZX7soyQ.sgDZqB05ljGC.wS8T4AX6C1dvcSmlFnsk0X0UDEwhEfa', 'Ingrid L Porsiana', '0817737973', 1, 14, 3, 1, 0),
(14003, 'gangan@xl.co.id', '$2y$10$ar9apKcd6mzvHcKq98ogwuLoU5DojzbLzZkooBZzt35DShZ4j4/FS', 'Gan Gan Sarip Sugandi', '', 1, 14, 3, 1, 0),
(14004, 'astrinf@xl.co.id', '$2y$10$ar9apKcd6mzvHcKq98ogwuLoU5DojzbLzZkooBZzt35DShZ4j4/FS', 'Astrin Friansih', '', 1, 14, 3, 1, 0),
(14005, 'eriantow@xl.co.id', '$2y$10$ar9apKcd6mzvHcKq98ogwuLoU5DojzbLzZkooBZzt35DShZ4j4/FS', 'Erianto Wahyu Nugroho', '', 1, 14, 3, 1, 0),
(15001, 'emadiyanto@xl.co.id', '$2y$10$kiJstZiDrdnl6i9Ze2k9WeOsCNudiRIaouhgDUA3uazkAy/uYxPt6', 'Eka Madiyanto', '0817800427', 1, 15, 3, 1, 0),
(15002, 'nadyak@xl.co.id', '$2y$10$ar9apKcd6mzvHcKq98ogwuLoU5DojzbLzZkooBZzt35DShZ4j4/FS', 'Nadya Kartika Sani', '', 1, 15, 3, 1, 0),
(15003, 'yunusa@xl.co.id', '$2y$10$ar9apKcd6mzvHcKq98ogwuLoU5DojzbLzZkooBZzt35DShZ4j4/FS', 'Yunus Adhimukti', '', 1, 15, 3, 1, 0),
(16001, 'radityar@xl.co.id', '$2y$10$ar9apKcd6mzvHcKq98ogwuLoU5DojzbLzZkooBZzt35DShZ4j4/FS', 'Raditya Rinaldi', '', 1, 16, 3, 1, 0),
(16002, 'santa@xl.co.id', '$2y$10$50OChkmukKz9U6BYfiyiYuWqlutehzGusRz5JpkySV/5ViOXVL7Nu', 'Santa Ursula Flora', '0818877870', 1, 16, 3, 1, 0),
(16003, 'meryk@xl.co.id', '$2y$10$ar9apKcd6mzvHcKq98ogwuLoU5DojzbLzZkooBZzt35DShZ4j4/FS', 'Mery Kirana Pangloli', '', 1, 16, 3, 1, 0),
(16004, 'acandra@xl.co.id', '$2y$10$ar9apKcd6mzvHcKq98ogwuLoU5DojzbLzZkooBZzt35DShZ4j4/FS', 'Andi Chandra', '', 1, 16, 3, 1, 0),
(16005, 'xlapp.alen@xl.co.id', '$2y$10$ar9apKcd6mzvHcKq98ogwuLoU5DojzbLzZkooBZzt35DShZ4j4/FS', 'Alen Salvo Pratomo', '', 1, 16, 3, 1, 0),
(17001, 'davids@xl.co.id', '$2y$10$ar9apKcd6mzvHcKq98ogwuLoU5DojzbLzZkooBZzt35DShZ4j4/FS', 'David Sabathian Christianto', '', 1, 17, 3, 1, 0),
(17002, 'ahmads@xl.co.id', '$2y$10$ar9apKcd6mzvHcKq98ogwuLoU5DojzbLzZkooBZzt35DShZ4j4/FS', 'Ahmad Syafii', '', 1, 17, 3, 1, 0),
(18001, 'yaris@xl.co.id', '$2y$10$ar9apKcd6mzvHcKq98ogwuLoU5DojzbLzZkooBZzt35DShZ4j4/FS', 'Yulian Aris Dianto', '', 1, 18, 3, 1, 0),
(18002, 'jrahman@xl.co.id', '$2y$10$ar9apKcd6mzvHcKq98ogwuLoU5DojzbLzZkooBZzt35DShZ4j4/FS', 'Jasfir Rahman', '', 1, 18, 3, 1, 0),
(19001, 'bsilalahi@xl.co.id', '$2y$10$ar9apKcd6mzvHcKq98ogwuLoU5DojzbLzZkooBZzt35DShZ4j4/FS', 'Bungaran Silalahi', '', 1, 19, 3, 1, 0),
(20001, 'rikas@xl.co.id', '$2y$10$ar9apKcd6mzvHcKq98ogwuLoU5DojzbLzZkooBZzt35DShZ4j4/FS', 'Rika Paudur Siagian', '', 1, 20, 3, 1, 0),
(21001, 'syifaf@xl.co.id', '$2y$10$ar9apKcd6mzvHcKq98ogwuLoU5DojzbLzZkooBZzt35DShZ4j4/FS', 'Syifa Fauzia', '', 1, 21, 3, 1, 0),
(21002, 'ratihd@xl.co.id', '$2y$10$ar9apKcd6mzvHcKq98ogwuLoU5DojzbLzZkooBZzt35DShZ4j4/FS', 'Ratih Diah Fatmawati', '', 1, 21, 3, 1, 0),
(21003, 'novan1@xl.co.id', '$2y$10$ar9apKcd6mzvHcKq98ogwuLoU5DojzbLzZkooBZzt35DShZ4j4/FS', 'Nova Nofianti', '', 1, 21, 3, 1, 0),
(21004, 'ericl@xl.co.id', '$2y$10$ar9apKcd6mzvHcKq98ogwuLoU5DojzbLzZkooBZzt35DShZ4j4/FS', 'Eric Lakshmana', '', 1, 21, 3, 1, 0),
(22005, 'nurazizahv@xl.co.id', '$2y$10$ar9apKcd6mzvHcKq98ogwuLoU5DojzbLzZkooBZzt35DShZ4j4/FS', 'Nurazizah Vidya', '', 1, 22, 3, 1, 0),
(22006, 'caesarp@xl.co.id', '$2y$10$ar9apKcd6mzvHcKq98ogwuLoU5DojzbLzZkooBZzt35DShZ4j4/FS', 'Caesar Putranto Herlambang', '', 1, 22, 3, 1, 0),
(23001, 'markj@xl.co.id', '$2y$10$ar9apKcd6mzvHcKq98ogwuLoU5DojzbLzZkooBZzt35DShZ4j4/FS', 'Mark Jefferson Chua Go', '', 1, 23, 3, 1, 0),
(24002, 'erwiens@xl.co.id', '$2y$10$ar9apKcd6mzvHcKq98ogwuLoU5DojzbLzZkooBZzt35DShZ4j4/FS', 'Erwien Satrya Nugraha', '', 1, 24, 3, 1, 0),
(24003, 'natmasari@xl.co.id', '$2y$10$ar9apKcd6mzvHcKq98ogwuLoU5DojzbLzZkooBZzt35DShZ4j4/FS', 'Novita Atmasari', '', 1, 24, 3, 1, 0),
(24004, 'nesaa@xl.co.id', '$2y$10$ar9apKcd6mzvHcKq98ogwuLoU5DojzbLzZkooBZzt35DShZ4j4/FS', 'Nesa Aqila', '', 1, 24, 3, 1, 0),
(25001, 'ryulyanti@xl.co.id', '$2y$10$ar9apKcd6mzvHcKq98ogwuLoU5DojzbLzZkooBZzt35DShZ4j4/FS', 'Rhamas Yulyanti', '', 1, 25, 3, 1, 0),
(26001, 'ahkasim@xl.co.id', '$2y$10$ar9apKcd6mzvHcKq98ogwuLoU5DojzbLzZkooBZzt35DShZ4j4/FS', 'Abdul Hafidz Kasim', '', 1, 26, 3, 1, 0),
(26002, 'stefanb@xl.co.id', '$2y$10$ar9apKcd6mzvHcKq98ogwuLoU5DojzbLzZkooBZzt35DShZ4j4/FS', 'Stefan Bimarsana Syarief', '', 1, 26, 3, 1, 0),
(27001, 'malvalia@xl.co.id', '$2y$10$ar9apKcd6mzvHcKq98ogwuLoU5DojzbLzZkooBZzt35DShZ4j4/FS', 'Meita Alvalia Hutajulu', '', 1, 27, 3, 1, 0),
(27002, 'yopia@xl.co.id', '$2y$10$ar9apKcd6mzvHcKq98ogwuLoU5DojzbLzZkooBZzt35DShZ4j4/FS', 'Yopi Apriyana', '', 1, 27, 3, 1, 0),
(27003, 'angied@xl.co.id', '$2y$10$ar9apKcd6mzvHcKq98ogwuLoU5DojzbLzZkooBZzt35DShZ4j4/FS', 'Angie Dea Belinda', '', 1, 27, 3, 1, 0),
(27004, 'rifqid@xl.co.id', '$2y$10$ar9apKcd6mzvHcKq98ogwuLoU5DojzbLzZkooBZzt35DShZ4j4/FS', 'Rifqi Dimas Febriyanto', '', 1, 27, 3, 1, 0),
(27005, 'jfirrezq@xl.co.id', '$2y$10$ar9apKcd6mzvHcKq98ogwuLoU5DojzbLzZkooBZzt35DShZ4j4/FS', 'Jasadil Firrezq', '', 1, 27, 3, 1, 0),
(27008, 'xlapp.satrior@xl.co.id', '$2y$10$NExbUZ6nBFPVwWBEKdw2wuXGlsuT2PBPw9KqCjgf7RcddyJj85ObW', 'M Satrio Ramadhana', '081807946698', 1, 1, 3, 1, 0),
(27009, 'xlapp.feraldia@xl.co.id', '$2y$10$Oc/4V44.uzcYi.RelMQul.mQ3Ih0nEsHvqNkC0XFR7lQlvLsGXWjK', 'Feraldi Alif Pratama', '087887185131', 1, 1, 3, 1, 0),
(27010, 'kmahardika@xl.co.id', '$2y$10$4HdwyhgmUinRS86B7hZfguKTGDiADoS8oQWlEdSj4NQQpKYo7Vijm', 'Khrisnumurti Mahardhika', '087778483071', 1, 3, 3, 1, 0),
(27011, 'budi@gmail.com', '$2y$10$3BQPmm2HwhMJTqW4ncI9S.IzVwOlj0oV1LdOCgaTyFJAlh1/Kfi0K', 'budi', '08788888888', 1, 2, 3, 0, 0),
(27013, 'benedictak@xl.co.id', '$2y$10$h16zrVvrlfD5gNMqrGOOhet.1DAbkW0fdVx6HJGVG/Ntn/NNiM6DG', 'Benedicta Karina', '', 1, 2, 3, 1, 0),
(27014, 'drismala@xl.co.id', '$2y$10$P.UwejdSLtr0H/aoyBnO0O1/xd8/EKvzutQyH9zrTKRSElunF0Hwe', 'Puput', '', 1, 2, 3, 1, 0),
(27015, 'andhykag@xl.co.id', '$2y$10$.UTUAdDyDZlcXvrnARPPZuOsaCLDc7i2MB/mzI1niKhUeQmgCfhqy', 'Andhyka Gautama', '0818771285', 1, 3, 3, 1, 0),
(27016, 'deajs@xl.co.id', '$2y$10$ugIHn92Nppie1FgxXLSSzeHBWXbiEEeLqkzOFJgpcJ6LxoJ0f7XEK', 'Dea Juanita S', '081908943232', 1, 25, 3, 1, 0),
(27017, 'oggyg@xl.co.id', '$2y$10$v/6j9ts2i0RsbchzOaKhWu9SYkX79.kVn8.Kod4MZxGAbXBEtXvt6', 'Oggy Ginanjar', '087877635466', 1, 12, 3, 1, 0),
(27018, 'kartikar@xl.co.id', '$2y$10$jJi8eCm/o.rLozmy1U5lKuChUy1VDPeB5TF6rHeX/Tcjnc0rs1jc2', 'Kartika Rizki Astuti', '', 1, 3, 3, 1, 0),
(27019, 'xlapp.brahmandithaa@xl.co.id', '$2y$10$qgyN0UI/kspqGAd/Kyu9neJgD3jYGWwF8LWV0/J4DzElElEeB/7XK', 'Brahmanditha Ardian ', '087785600298', 1, 12, 3, 1, 0),
(27020, 'hmedina@xl.co.id', '$2y$10$SJmF9BmrgAGL2xp2QfVxvuvADCuBKpGWUDRCT1UQLab5R60WMs5De', 'Hana Medina', '6287888308338', 1, 3, 3, 1, 0),
(27021, 'eye@xl.co.id', '$2y$10$9BBLGPp/J8ql1KCjhj0.y.CchmrpP7BKLXB7cp./uWUE7Pl8TkC9i', 'Ey Eka Kurniawan', '6287889101049', 1, 3, 3, 1, 0),
(27022, 'noviaranit@xl.co.id', '$2y$10$luMnhB0aXmOzosfjrUocveiNM8AW/1e3V6sQd8VWeIQA6brZNfEVm', 'Noviarani Triandana Ayu', '087880280287', 1, 10, 3, 1, 0);

--
-- Indexes for dumped tables
--

--
-- Indexes for table `tb_booking`
--
ALTER TABLE `tb_booking`
  ADD PRIMARY KEY (`id_booking`),
  ADD KEY `fk_id_user` (`id_user`);

--
-- Indexes for table `tb_det_booking`
--
ALTER TABLE `tb_det_booking`
  ADD PRIMARY KEY (`id_det_booking`),
  ADD KEY `fk_id_booking` (`id_booking`),
  ADD KEY `fk_id_jadwal` (`id_jadwal`);

--
-- Indexes for table `tb_gedung`
--
ALTER TABLE `tb_gedung`
  ADD PRIMARY KEY (`id_gedung`);

--
-- Indexes for table `tb_jadwal`
--
ALTER TABLE `tb_jadwal`
  ADD PRIMARY KEY (`id_jadwal`),
  ADD KEY `fk_id_room` (`id_ruangan`),
  ADD KEY `fk_id_jam` (`jam_awal`);

--
-- Indexes for table `tb_lantai`
--
ALTER TABLE `tb_lantai`
  ADD PRIMARY KEY (`id_lantai`),
  ADD KEY `fk_id_gedung` (`id_gedung`);

--
-- Indexes for table `tb_ruangan`
--
ALTER TABLE `tb_ruangan`
  ADD PRIMARY KEY (`id_ruangan`),
  ADD KEY `fk_id_floor` (`id_lantai`);

--
-- Indexes for table `tb_unit`
--
ALTER TABLE `tb_unit`
  ADD PRIMARY KEY (`id_unit`);

--
-- Indexes for table `tb_user`
--
ALTER TABLE `tb_user`
  ADD PRIMARY KEY (`id_user`),
  ADD UNIQUE KEY `email` (`email`),
  ADD KEY `id_unit` (`id_unit`),
  ADD KEY `id_lantai` (`id_lantai`);

--
-- AUTO_INCREMENT for dumped tables
--

--
-- AUTO_INCREMENT for table `tb_booking`
--
ALTER TABLE `tb_booking`
  MODIFY `id_booking` int(11) NOT NULL AUTO_INCREMENT, AUTO_INCREMENT=191;
--
-- AUTO_INCREMENT for table `tb_det_booking`
--
ALTER TABLE `tb_det_booking`
  MODIFY `id_det_booking` int(11) NOT NULL AUTO_INCREMENT, AUTO_INCREMENT=820;
--
-- AUTO_INCREMENT for table `tb_gedung`
--
ALTER TABLE `tb_gedung`
  MODIFY `id_gedung` int(11) NOT NULL AUTO_INCREMENT, AUTO_INCREMENT=2;
--
-- AUTO_INCREMENT for table `tb_jadwal`
--
ALTER TABLE `tb_jadwal`
  MODIFY `id_jadwal` int(11) NOT NULL AUTO_INCREMENT, AUTO_INCREMENT=253;
--
-- AUTO_INCREMENT for table `tb_lantai`
--
ALTER TABLE `tb_lantai`
  MODIFY `id_lantai` int(11) NOT NULL AUTO_INCREMENT, AUTO_INCREMENT=2;
--
-- AUTO_INCREMENT for table `tb_ruangan`
--
ALTER TABLE `tb_ruangan`
  MODIFY `id_ruangan` int(11) NOT NULL AUTO_INCREMENT, AUTO_INCREMENT=10;
--
-- AUTO_INCREMENT for table `tb_unit`
--
ALTER TABLE `tb_unit`
  MODIFY `id_unit` int(11) NOT NULL AUTO_INCREMENT, AUTO_INCREMENT=28;
--
-- AUTO_INCREMENT for table `tb_user`
--
ALTER TABLE `tb_user`
  MODIFY `id_user` int(11) NOT NULL AUTO_INCREMENT, AUTO_INCREMENT=27023;
--
-- Constraints for dumped tables
--

--
-- Constraints for table `tb_booking`
--
ALTER TABLE `tb_booking`
  ADD CONSTRAINT `fk_id_user` FOREIGN KEY (`id_user`) REFERENCES `tb_user` (`id_user`),
  ADD CONSTRAINT `tb_booking_ibfk_1` FOREIGN KEY (`id_user`) REFERENCES `tb_user` (`id_user`);

--
-- Constraints for table `tb_det_booking`
--
ALTER TABLE `tb_det_booking`
  ADD CONSTRAINT `fk_id_booking` FOREIGN KEY (`id_booking`) REFERENCES `tb_booking` (`id_booking`),
  ADD CONSTRAINT `fk_id_jadwal` FOREIGN KEY (`id_jadwal`) REFERENCES `tb_jadwal` (`id_jadwal`);

--
-- Constraints for table `tb_jadwal`
--
ALTER TABLE `tb_jadwal`
  ADD CONSTRAINT `fk_id_room` FOREIGN KEY (`id_ruangan`) REFERENCES `tb_ruangan` (`id_ruangan`);

--
-- Constraints for table `tb_lantai`
--
ALTER TABLE `tb_lantai`
  ADD CONSTRAINT `fk_id_gedung` FOREIGN KEY (`id_gedung`) REFERENCES `tb_gedung` (`id_gedung`);

--
-- Constraints for table `tb_ruangan`
--
ALTER TABLE `tb_ruangan`
  ADD CONSTRAINT `fk_id_floor` FOREIGN KEY (`id_lantai`) REFERENCES `tb_lantai` (`id_lantai`);

--
-- Constraints for table `tb_user`
--
ALTER TABLE `tb_user`
  ADD CONSTRAINT `tb_user_ibfk_1` FOREIGN KEY (`id_unit`) REFERENCES `tb_unit` (`id_unit`),
  ADD CONSTRAINT `tb_user_ibfk_2` FOREIGN KEY (`id_lantai`) REFERENCES `tb_lantai` (`id_lantai`);

/*!40101 SET CHARACTER_SET_CLIENT=@OLD_CHARACTER_SET_CLIENT */;
/*!40101 SET CHARACTER_SET_RESULTS=@OLD_CHARACTER_SET_RESULTS */;
/*!40101 SET COLLATION_CONNECTION=@OLD_COLLATION_CONNECTION */;
